tytul, imdb_id
1670, tt29420686
Jak sprzedawać dragi w sieci (szybko), tt9184994
Samce Alfa, tt18482892
Lucyfer, tt4052886
Niebieskoki Samuraj, tt13309742
Barbarzyńcy, tt9184986
Para Idealna, tt11514868
Rojst, tt8855592
Polowanie na Czerwony Październik, tt0099810
Rick & Morty, tt2861424
The Big Bang Theory, tt0898266
Braveheart, tt0112573
The Expanse, tt3230854
Miasteczko South Park, tt0121955
Kraina Lodu, tt2294629
Dziennik Bridget Jones, tt0243155
Kapitan Ameryka: Wojna bohaterów, tt3498820
Avengers: Czas Ultrona, tt2395427
Terminator 2, tt0103064
Planeta Singli, tt5127398
List do M., None
List do M. 2, None
Forrest Gump, tt0109830
Ex Machina, tt0470752
Gran Torino, tt1205489
Cicha Noc, tt15799866
Battleship: Bitwa o Ziemię, tt1440129
Narodziny Gwiazdy, tt1517451
Kapitan Phillips, tt1535109
Grand Budapest Hotel, tt2278388
Wyjazd integracyjny, tt2095008
John Wick, tt2911666
Narcos, tt2707408
Terminal, tt0362227
Ona, tt1798709
Whiplash, tt2582802
Diabeł ubiera się u Prady, tt0458352
La Casa De Papel, tt6468322
Peaky Blinders, tt2442560
Contratiempo, tt4857264
La Cara Oculta, tt1772250
Szeregowiec Ryan, tt0120815
Kompania Braci, tt0185906
Gladiator, tt0172495
Interstellar, tt0816692
W głowie się nie mieści, tt2096673
Furiosa Saga Madmax, tt12037194
365 Dni, tt10886166
Diuna, tt1160419
Gwiezdne wojny Atak Klonów, tt0121765
Rings of Power, tt7631058
F.R.I.E.N.D.S, tt0108778
UGLIES, tt13186604
Deadpool 3, tt6263850
Now you see me, tt1670345
Autopsja Jane Doe, tt3289956
Kapitan Ameryka: Zimowy Żołnierz, tt1843866
RRRrrrr, tt0357111
Konklawe 2006, tt0452011
Transformers, tt0418279
The Social Network, tt0418279
Oppenheimer, tt15398776
Dolittle, tt6673612
Charlie and the chocolate factory, tt0367594
Wonka, tt6166392
The Emoji Movie, tt4877122
Wreck-it Ralph, tt1772341
Player One, tt1677720
Avatar, tt0499549
The Martain, tt3659388
Władca Pierścieni: Drużyna Pierśienia, tt0120737
From, tt9813792
Chłopaki z baraków, tt0290988
Deadpool1, tt1431045
The Boys, tt1190634
Arcane, tt11126994
To, tt1396484
Rec 1, tt14948432
Rings of power, tt7631058
Władca pierśieni: Dwie wieże, tt0167261
Władca pierśieni: Powrót Króla, tt0167260
Prison Break, tt0455275
the end of the fun***in world, tt6257970
Stranger Things, tt4574334
Dark, tt5753856
Gambit Królowej, tt10048342
Cyberpunk: Edgerunners, tt12590266
Nawiedzony dom na wzgórzu, tt6763664
Breaking Bad, tt0903747
Forest Gump, tt0109830
Rick and Morty, tt2861424
Diuna 2, tt15239678
Substancja, tt17526714
Doktor House, tt0412142
Avengers Endgame, tt4154796
Deadpool, tt1431045
Przełęcz ocalonych, tt2119532
Venom: Let there be Carnage, tt7097896
Mad Max, tt0079501
Brooklyn 99, tt2467372
W lesie dziś nie zaśnie nikt, tt11240506
Klik: I robisz co chcesz, tt0389860
Czerwona Nota, tt7991608
Jaja w Tropikach, tt0942385
Piksele, tt2120120
Vaiana, tt3521164
Nasze magiczne Encanto, tt2953050
Kraina jutra, tt1964418
Deadpool & Wolverine, tt6263850
Prestiż, tt0482571
Paradoks Cloverfield, tt2548396
Spider-Man: Far From Home, tt6320628
Transcendencja, tt2209764
Life, tt5442430
Pitbul, tt15205194
Idiocracy, tt0387808
Circle, tt3118452
The Beast (2023), tt14407336
Wilk z Wall Street, tt0993846
Marsjanin, tt3659388
2012, tt1190080
MoonFall, tt5834426
The day after tomorrow, tt0319262
Geostorm, tt1981128
Matrix, tt0133093
mordercza opona, tt1612774
pixele, tt2120120
Arrival, tt2543164
W stronę słońca(2007), tt0448134
snowpiercer, tt6156584
Wędrująca ziemia, tt7605074
American Sniper, tt2179136
John Wick 4, tt10366206
Obcy: Romulus, tt18412256
Lost, tt0411008
Memento, tt0209144
Koe no Katachi, tt5323662
Bękarty wojny, tt0361748
Wojownik, tt5743796
Split, tt4972582
Titanic, tt0120338
Ja Robot, tt0343818
The Walking Dead, tt1520211
Joker, tt7286456
Saw, tt0387564
chernobyl, tt7366338
sinister, tt1922777
The Counjuring, tt1457767
The Nun, tt5814060
The Exorcism Of Emili Rose, tt0404032
Strażnicy Galaktyki, tt2015381
Beekeeper, tt15314262
spider man - beyond the spider verse, tt16360004
Kac Wawa, tt2282829
The Witcher, tt5180504
The lord of the rings: The return of the king, tt0167260
Asterix i Obelix: Misja kleopatra, tt0250223
Czas Apokalipsy, tt0078788
Brazil, tt0088846
Taksówkarz, tt0075314
Jestem Bogiem, tt1219289
Obecność, tt1457767
Blueberry, tt14293072
Anihilacja, tt2798920
Dom w głębi lasu, tt1259521
Mars Express, tt26915336
Hakowanie Świata, tt4736550
Faceci w Czerni, tt0119654
Maska, tt0110475
Planeta Małp, tt0063442
Annabelle, tt3322940
Hancock, tt0448157
Grawitacja, tt1454468
Pięć koszmarnych nocy, tt4589218
Ted 2, tt2637276
Jako w piekle tak i na Ziemi, tt2870612
Requiem dla snu, tt0180093
Miasto 44, tt3765326
Jarhead 2: W polu ognia, tt3699508
Nie cudzołóż i nie kradnij, tt15688632
Rick i Morty, tt2861424